{
    "accuracy": 0.8829365079365079,
    "precision": 0.8833189282627485,
    "recall": 0.8646362098138748,
    "f1": 0.8738777255237281,
    "roc_auc": 0.9508319865243223
}