{
    "Logistic Regression": {
        "accuracy": 0.8829365079365079,
        "precision": 0.8833189282627485,
        "recall": 0.8646362098138748,
        "f1": 0.8738777255237281,
        "roc_auc": 0.9508319865243223
    },
    "KNN": {
        "accuracy": 0.9873015873015873,
        "precision": 0.9862660944206009,
        "recall": 0.9862660944206009,
        "f1": 0.9862660944206009,
        "roc_auc": 0.9968724957635843
    },
    "Random Forest": {
        "accuracy": 0.998015873015873,
        "precision": 0.9982817869415808,
        "recall": 0.9974248927038627,
        "f1": 0.9978531558608845,
        "roc_auc": 0.9999341177961135
    },
    "SVM": {
        "accuracy": 0.5388888888888889,
        "precision": 0.8,
        "recall": 0.0034334763948497852,
        "f1": 0.006837606837606838,
        "roc_auc": 0.9530012828025276
    },
    "Neural Network": {
        "accuracy": 0.9873015873015873,
        "precision": 0.9862660944206009,
        "recall": 0.9862660944206009,
        "f1": 0.9862660944206009,
        "roc_auc": 0.9982458863215242
    }
}